Dog,Affenpinscher
Dog,Afghan Hound
Dog,Airedale Terrier
Dog,Akbash
Dog,Akita
Dog,Alaskan Malamute
Dog,American Bulldog
Dog,American Bully
Dog,American Eskimo Dog
Dog,American Foxhound
Dog,American Hairless Terrier
Dog,American Staffordshire Terrier
Dog,American Water Spaniel
Dog,Anatolian Shepherd
Dog,Appenzell Mountain Dog
Dog,Aussiedoodle
Dog,Australian Cattle Dog / Blue Heeler
Dog,Australian Kelpie
Dog,Australian Shepherd
Dog,Australian Terrier
Dog,Basenji
Dog,Basset Hound
Dog,Beagle
Dog,Bearded Collie
Dog,Beauceron
Dog,Bedlington Terrier
Dog,Belgian Shepherd / Laekenois
Dog,Belgian Shepherd / Malinois
Dog,Belgian Shepherd / Sheepdog
Dog,Belgian Shepherd / Tervuren
Dog,Bernedoodle
Dog,Bernese Mountain Dog
Dog,Bichon Frise
Dog,Black and Tan Coonhound
Dog,Black Labrador Retriever
Dog,Black Mouth Cur
Dog,Black Russian Terrier
Dog,Bloodhound
Dog,Blue Lacy
Dog,Bluetick Coonhound
Dog,Boerboel
Dog,Bolognese
Dog,Border Collie
Dog,Border Terrier
Dog,Borzoi
Dog,Boston Terrier
Dog,Bouvier des Flandres
Dog,Boxer
Dog,Boykin Spaniel
Dog,Briard
Dog,Brittany Spaniel
Dog,Brussels Griffon
Dog,Bull Terrier
Dog,Bullmastiff
Dog,Cairn Terrier
Dog,Canaan Dog
Dog,Cane Corso
Dog,Cardigan Welsh Corgi
Dog,Carolina Dog
Dog,Catahoula Leopard Dog
Dog,Cattle Dog
Dog,Caucasian Sheepdog / Caucasian Ovtcharka
Dog,Cavachon
Dog,Cavalier King Charles Spaniel
Dog,Cavapoo
Dog,Chesapeake Bay Retriever
Dog,Chihuahua
Dog,Chinese Crested Dog
Dog,Chinese Foo Dog
Dog,Chinook
Dog,Chiweenie
Dog,Chocolate Labrador Retriever
Dog,Chow Chow
Dog,Cirneco dell'Etna
Dog,Clumber Spaniel
Dog,Cockapoo
Dog,Cocker Spaniel
Dog,Collie
Dog,Coonhound
Dog,Corgi
Dog,Coton de Tulear
Dog,Curly-Coated Retriever
Dog,Dachshund
Dog,Dalmatian
Dog,Dandie Dinmont Terrier
Dog,Doberman Pinscher
Dog,Dogo Argentino
Dog,Dogue de Bordeaux
Dog,Dutch Shepherd
Dog,English Bulldog
Dog,English Cocker Spaniel
Dog,English Coonhound
Dog,English Foxhound
Dog,English Pointer
Dog,English Setter
Dog,English Shepherd
Dog,English Springer Spaniel
Dog,English Toy Spaniel
Dog,Entlebucher
Dog,Eskimo Dog
Dog,Feist
Dog,Field Spaniel
Dog,Fila Brasileiro
Dog,Finnish Lapphund
Dog,Finnish Spitz
Dog,Flat-Coated Retriever
Dog,Fox Terrier
Dog,Foxhound
Dog,French Bulldog
Dog,Galgo Spanish Greyhound
Dog,German Pinscher
Dog,German Shepherd Dog
Dog,German Shorthaired Pointer
Dog,German Spitz
Dog,German Wirehaired Pointer
Dog,Giant Schnauzer
Dog,Glen of Imaal Terrier
Dog,Golden Retriever
Dog,Goldendoodle
Dog,Gordon Setter
Dog,Great Dane
Dog,Great Pyrenees
Dog,Greater Swiss Mountain Dog
Dog,Greyhound
Dog,Hamiltonstovare
Dog,Harrier
Dog,Havanese
Dog,Hound
Dog,Hovawart
Dog,Husky
Dog,Ibizan Hound
Dog,Icelandic Sheepdog
Dog,Illyrian Sheepdog
Dog,Irish Setter
Dog,Irish Terrier
Dog,Irish Water Spaniel
Dog,Irish Wolfhound
Dog,Italian Greyhound
Dog,Jack Russell Terrier
Dog,Japanese Chin
Dog,Jindo
Dog,Kai Dog
Dog,Karelian Bear Dog
Dog,Keeshond
Dog,Kerry Blue Terrier
Dog,Kishu
Dog,Klee Kai
Dog,Komondor
Dog,Kuvasz
Dog,Kyi Leo
Dog,Labradoodle
Dog,Labrador Retriever
Dog,Lakeland Terrier
Dog,Lancashire Heeler
Dog,Leonberger
Dog,Lhasa Apso
Dog,Lowchen
Dog,Lurcher
Dog,Maltese
Dog,Maltipoo
Dog,Manchester Terrier
Dog,Maremma Sheepdog
Dog,Mastiff
Dog,McNab
Dog,Miniature Bull Terrier
Dog,Miniature Dachshund
Dog,Miniature Pinscher
Dog,Miniature Poodle
Dog,Miniature Schnauzer
Dog,Mixed Breed
Dog,Morkie
Dog,Mountain Cur
Dog,Mountain Dog
Dog,Munsterlander
Dog,Neapolitan Mastiff
Dog,New Guinea Singing Dog
Dog,Newfoundland Dog
Dog,Norfolk Terrier
Dog,Norwegian Buhund
Dog,Norwegian Elkhound
Dog,Norwegian Lundehund
Dog,Norwich Terrier
Dog,Nova Scotia Duck Tolling Retriever
Dog,Old English Sheepdog
Dog,Otterhound
Dog,Papillon
Dog,Parson Russell Terrier
Dog,Patterdale Terrier / Fell Terrier
Dog,Pekingese
Dog,Pembroke Welsh Corgi
Dog,Peruvian Inca Orchid
Dog,Petit Basset Griffon Vendeen
Dog,Pharaoh Hound
Dog,Pit Bull Terrier
Dog,Plott Hound
Dog,Pointer
Dog,Polish Lowland Sheepdog
Dog,Pomeranian
Dog,Pomsky
Dog,Poodle
Dog,Portuguese Podengo
Dog,Portuguese Water Dog
Dog,Presa Canario
Dog,Pug
Dog,Puggle
Dog,Puli
Dog,Pumi
Dog,Pyrenean Shepherd
Dog,Rat Terrier
Dog,Redbone Coonhound
Dog,Retriever
Dog,Rhodesian Ridgeback
Dog,Rottweiler
Dog,Rough Collie
Dog,Saint Bernard
Dog,Saluki
Dog,Samoyed
Dog,Sarplaninac
Dog,Schipperke
Dog,Schnauzer
Dog,Schnoodle
Dog,Scottish Deerhound
Dog,Scottish Terrier
Dog,Sealyham Terrier
Dog,Setter
Dog,Shar-Pei
Dog,Sheep Dog
Dog,Sheepadoodle
Dog,Shepherd
Dog,Shetland Sheepdog / Sheltie
Dog,Shiba Inu
Dog,Shih poo
Dog,Shih Tzu
Dog,Shollie
Dog,Siberian Husky
Dog,Silky Terrier
Dog,Skye Terrier
Dog,Sloughi
Dog,Smooth Collie
Dog,Smooth Fox Terrier
Dog,South Russian Ovtcharka
Dog,Spaniel
Dog,Spanish Water Dog
Dog,Spinone Italiano
Dog,Spitz
Dog,Staffordshire Bull Terrier
Dog,Standard Poodle
Dog,Standard Schnauzer
Dog,Sussex Spaniel
Dog,Swedish Vallhund
Dog,Tennessee Treeing Brindle
Dog,Terrier
Dog,Thai Ridgeback
Dog,Tibetan Mastiff
Dog,Tibetan Spaniel
Dog,Tibetan Terrier
Dog,Tosa Inu
Dog,Toy Fox Terrier
Dog,Toy Manchester Terrier
Dog,Treeing Walker Coonhound
Dog,Vizsla
Dog,Weimaraner
Dog,Welsh Springer Spaniel
Dog,Welsh Terrier
Dog,West Highland White Terrier / Westie
Dog,Wheaten Terrier
Dog,Whippet
Dog,White German Shepherd
Dog,Wire Fox Terrier
Dog,Wirehaired Dachshund
Dog,Wirehaired Pointing Griffon
Dog,Wirehaired Terrier
Dog,Xoloitzcuintli / Mexican Hairless
Dog,Yellow Labrador Retriever
Dog,Yorkshire Terrier
Cat,Abyssinian
Cat,American Bobtail
Cat,American Curl
Cat,American Shorthair
Cat,American Wirehair
Cat,Applehead Siamese
Cat,Balinese
Cat,Bengal
Cat,Birman
Cat,Bombay
Cat,British Shorthair
Cat,Burmese
Cat,Burmilla
Cat,Calico
Cat,Canadian Hairless
Cat,Chartreux
Cat,Chausie
Cat,Chinchilla
Cat,Cornish Rex
Cat,Cymric
Cat,Devon Rex
Cat,Dilute Calico
Cat,Dilute Tortoiseshell
Cat,Domestic Long Hair
Cat,Domestic Medium Hair
Cat,Domestic Short Hair
Cat,Egyptian Mau
Cat,Exotic Shorthair
Cat,Extra-Toes Cat / Hemingway Polydactyl
Cat,Havana
Cat,Himalayan
Cat,Japanese Bobtail
Cat,Javanese
Cat,Korat
Cat,LaPerm
Cat,Maine Coon
Cat,Manx
Cat,Munchkin
Cat,Nebelung
Cat,Norwegian Forest Cat
Cat,Ocicat
Cat,Oriental Long Hair
Cat,Oriental Short Hair
Cat,Oriental Tabby
Cat,Persian
Cat,Pixiebob
Cat,Ragamuffin
Cat,Ragdoll
Cat,Russian Blue
Cat,Scottish Fold
Cat,Selkirk Rex
Cat,Siamese
Cat,Siberian
Cat,Silver
Cat,Singapura
Cat,Snowshoe
Cat,Somali
Cat,Sphynx / Hairless Cat
Cat,Tabby
Cat,Tiger
Cat,Tonkinese
Cat,Torbie
Cat,Tortoiseshell
Cat,Toyger
Cat,Turkish Angora
Cat,Turkish Van
Cat,Tuxedo
Cat,York Chocolate
